[
{"text": "\u201cThe world as we have created it is a process of our thinking. It cannot be changed without changing our thinking.\u201d", "author": "Albert Einstein", "tags": ["change", "deep-thoughts", "thinking", "world"]},
{"text": "\u201cIt is our choices, Harry, that show what we truly are, far more than our abilities.\u201d", "author": "J.K. Rowling", "tags": ["abilities", "choices"]},
{"text": "\u201cThere are only two ways to live your life. One is as though nothing is a miracle. The other is as though everything is a miracle.\u201d", "author": "Albert Einstein", "tags": ["inspirational", "life", "live", "miracle", "miracles"]},
{"text": "\u201cThe person, be it gentleman or lady, who has not pleasure in a good novel, must be intolerably stupid.\u201d", "author": "Jane Austen", "tags": ["aliteracy", "books", "classic", "humor"]},
{"text": "\u201cImperfection is beauty, madness is genius and it's better to be absolutely ridiculous than absolutely boring.\u201d", "author": "Marilyn Monroe", "tags": ["be-yourself", "inspirational"]},
{"text": "\u201cTry not to become a man of success. Rather become a man of value.\u201d", "author": "Albert Einstein", "tags": ["adulthood", "success", "value"]},
{"text": "\u201cIt is better to be hated for what you are than to be loved for what you are not.\u201d", "author": "Andr\u00e9 Gide", "tags": ["life", "love"]},
{"text": "\u201cI have not failed. I've just found 10,000 ways that won't work.\u201d", "author": "Thomas A. Edison", "tags": ["edison", "failure", "inspirational", "paraphrased"]},
{"text": "\u201cA woman is like a tea bag; you never know how strong it is until it's in hot water.\u201d", "author": "Eleanor Roosevelt", "tags": ["misattributed-eleanor-roosevelt"]},
{"text": "\u201cA day without sunshine is like, you know, night.\u201d", "author": "Steve Martin", "tags": ["humor", "obvious", "simile"]}
]